Method,Job,AnalyzeLaunchVariance,EvaluateOverhead,MaxAbsoluteError,MaxRelativeError,MinInvokeCount,MinIterationTime,OutlierMode,Affinity,EnvironmentVariables,Jit,LargeAddressAware,Platform,PowerPlanMode,Runtime,AllowVeryLargeObjects,Concurrent,CpuGroups,Force,HeapAffinitizeMask,HeapCount,NoAffinitize,RetainVm,Server,Arguments,BuildConfiguration,Clock,EngineFactory,NuGetReferences,IsMutator,InvocationCount,IterationCount,IterationTime,LaunchCount,MaxIterationCount,MaxWarmupIterationCount,MemoryRandomization,MinIterationCount,MinWarmupIterationCount,RunStrategy,UnrollFactor,WarmupCount,RunLength,Mean,Error,StdDev,Ratio,RatioSD,Gen0,Gen1,Allocated,Alloc Ratio
LegacyReal,.NET 10.0,False,Default,Default,Default,Default,Default,Default,111111111111111111111111,Empty,RyuJit,Default,X64,8c5e7fda-e8bf-4a96-9a85-a6e23a8c635c,.NET 10.0,False,True,False,True,Default,Default,False,False,False,Default,Default,Default,Default,Default,Default,Default,3,Default,1,Default,Default,Default,Default,Default,Default,16,3,1,28.87 ns,5.593 ns,0.307 ns,1.00,0.01,0.0019,0.0012,32 B,1.00
NanoViaLegacyApi,.NET 10.0,False,Default,Default,Default,Default,Default,Default,111111111111111111111111,Empty,RyuJit,Default,X64,8c5e7fda-e8bf-4a96-9a85-a6e23a8c635c,.NET 10.0,False,True,False,True,Default,Default,False,False,False,Default,Default,Default,Default,Default,Default,Default,3,Default,1,Default,Default,Default,Default,Default,Default,16,3,1,17.04 ns,1.663 ns,0.091 ns,0.59,0.01,0.0019,0.0012,32 B,1.00
NanoRaw,.NET 10.0,False,Default,Default,Default,Default,Default,Default,111111111111111111111111,Empty,RyuJit,Default,X64,8c5e7fda-e8bf-4a96-9a85-a6e23a8c635c,.NET 10.0,False,True,False,True,Default,Default,False,False,False,Default,Default,Default,Default,Default,Default,Default,3,Default,1,Default,Default,Default,Default,Default,Default,16,3,1,15.13 ns,0.975 ns,0.053 ns,0.52,0.01,0.0019,0.0012,32 B,1.00
LegacyReal,.NET Framework 4.7.2,False,Default,Default,Default,Default,Default,Default,111111111111111111111111,Empty,RyuJit,Default,X64,8c5e7fda-e8bf-4a96-9a85-a6e23a8c635c,.NET Framework 4.7.2,False,True,False,True,Default,Default,False,False,False,Default,Default,Default,Default,Default,Default,Default,3,Default,1,Default,Default,Default,Default,Default,Default,16,3,1,59.16 ns,1.665 ns,0.091 ns,2.05,0.02,0.0054,0.0026,34 B,1.06
NanoViaLegacyApi,.NET Framework 4.7.2,False,Default,Default,Default,Default,Default,Default,111111111111111111111111,Empty,RyuJit,Default,X64,8c5e7fda-e8bf-4a96-9a85-a6e23a8c635c,.NET Framework 4.7.2,False,True,False,True,Default,Default,False,False,False,Default,Default,Default,Default,Default,Default,Default,3,Default,1,Default,Default,Default,Default,Default,Default,16,3,1,30.74 ns,1.690 ns,0.093 ns,1.06,0.01,0.0054,0.0026,34 B,1.06
NanoRaw,.NET Framework 4.7.2,False,Default,Default,Default,Default,Default,Default,111111111111111111111111,Empty,RyuJit,Default,X64,8c5e7fda-e8bf-4a96-9a85-a6e23a8c635c,.NET Framework 4.7.2,False,True,False,True,Default,Default,False,False,False,Default,Default,Default,Default,Default,Default,Default,3,Default,1,Default,Default,Default,Default,Default,Default,16,3,1,27.03 ns,0.975 ns,0.053 ns,0.94,0.01,0.0054,0.0026,34 B,1.06
LegacyReal,.NET 10.0,False,Default,Default,Default,Default,Default,Default,111111111111111111111111,Empty,RyuJit,Default,X64,8c5e7fda-e8bf-4a96-9a85-a6e23a8c635c,.NET 10.0,False,True,False,True,Default,Default,False,False,False,Default,Default,Default,Default,Default,Default,Default,3,Default,1,Default,Default,Default,Default,Default,Default,16,3,8,24.88 ns,6.415 ns,0.352 ns,1.00,0.02,0.0019,0.0012,32 B,1.00
NanoViaLegacyApi,.NET 10.0,False,Default,Default,Default,Default,Default,Default,111111111111111111111111,Empty,RyuJit,Default,X64,8c5e7fda-e8bf-4a96-9a85-a6e23a8c635c,.NET 10.0,False,True,False,True,Default,Default,False,False,False,Default,Default,Default,Default,Default,Default,Default,3,Default,1,Default,Default,Default,Default,Default,Default,16,3,8,15.91 ns,1.828 ns,0.100 ns,0.64,0.01,0.0019,0.0012,32 B,1.00
NanoRaw,.NET 10.0,False,Default,Default,Default,Default,Default,Default,111111111111111111111111,Empty,RyuJit,Default,X64,8c5e7fda-e8bf-4a96-9a85-a6e23a8c635c,.NET 10.0,False,True,False,True,Default,Default,False,False,False,Default,Default,Default,Default,Default,Default,Default,3,Default,1,Default,Default,Default,Default,Default,Default,16,3,8,14.70 ns,1.355 ns,0.074 ns,0.59,0.01,0.0019,0.0012,32 B,1.00
LegacyReal,.NET Framework 4.7.2,False,Default,Default,Default,Default,Default,Default,111111111111111111111111,Empty,RyuJit,Default,X64,8c5e7fda-e8bf-4a96-9a85-a6e23a8c635c,.NET Framework 4.7.2,False,True,False,True,Default,Default,False,False,False,Default,Default,Default,Default,Default,Default,Default,3,Default,1,Default,Default,Default,Default,Default,Default,16,3,8,50.12 ns,9.172 ns,0.503 ns,2.01,0.03,0.0054,0.0026,34 B,1.06
NanoViaLegacyApi,.NET Framework 4.7.2,False,Default,Default,Default,Default,Default,Default,111111111111111111111111,Empty,RyuJit,Default,X64,8c5e7fda-e8bf-4a96-9a85-a6e23a8c635c,.NET Framework 4.7.2,False,True,False,True,Default,Default,False,False,False,Default,Default,Default,Default,Default,Default,Default,3,Default,1,Default,Default,Default,Default,Default,Default,16,3,8,29.52 ns,5.989 ns,0.328 ns,1.19,0.02,0.0054,0.0026,34 B,1.06
NanoRaw,.NET Framework 4.7.2,False,Default,Default,Default,Default,Default,Default,111111111111111111111111,Empty,RyuJit,Default,X64,8c5e7fda-e8bf-4a96-9a85-a6e23a8c635c,.NET Framework 4.7.2,False,True,False,True,Default,Default,False,False,False,Default,Default,Default,Default,Default,Default,Default,3,Default,1,Default,Default,Default,Default,Default,Default,16,3,8,26.41 ns,2.633 ns,0.144 ns,1.06,0.01,0.0054,0.0026,34 B,1.06
